anzahl;vorname;geschlecht
1;Äl;m
3;İbrahim;m
1;İhsan;m
1;İrfan;m
2;İsmail;m
1;İzzet;m
1;Ádám;m
1;Ílian;m
1;Łukasz;m
14;Aaron;m
1;Abd;m
1;Abdallah;m
2;Abdelhamid;m
1;Abdelilah;m
1;Abdelkader;m
1;Abdelkarim;m
2;Abderrahman;m
1;Abdullah;m
2;Abdurrahman;m
1;Abraham;m
1;Abubacarra;m
1;Achilleas;m
1;Achraf;m
1;Ada;m
16;Adam;m
1;Addin;m
4;Adel;m
2;Adem;m
1;Adhil;m
2;Adnan;m
7;Adrian;m
2;Adriano;m
1;Ahadi;m
1;Ahir;m
3;Ahmad;m
5;Ahmed;m
2;Ahmet;m
1;Ahmet-Serhat;m
1;Aiko;m
1;Aiman;m
1;Ajdin;m
1;Akarschen;m
1;Akay;m
1;Akeem;m
1;Akihiro;m
1;Akin;m
2;Akram;m
1;Alaa;m
1;Alador;m
1;Al-Amin;m
2;Alan;m
1;Alan-Batras;m
5;Albert;m
1;Alberto;m
1;Albion;m
1;Albrecht;m
2;Alec;m
1;Alejandro;m
4;Aleksandar;m
2;Aleksander;m
1;Aleksey;m
1;Alen;m
3;Alessandro;m
6;Alessio;m
1;Alessio-Romeo;m
4;Alex;m
95;Alexander;m
1;Alexandre;m
4;Alexandros;m
1;Alexej;m
2;Alexis;m
1;Alfons;m
2;Alfred;m
14;Ali;m
1;Alimović;m
1;Ali-Riza;m
1;Alis;m
1;Aljoscha;m
1;Allah;m
1;Allen;m
1;Alparslan;m
2;Alper;m
1;Alperen;m
1;Alrik;m
1;Alusine;m
2;Amadeus;m
2;Aman;m
2;Amar;m
2;Ömer;m
14;Amin;m
1;Amin-Abdelhakim;m
6;Amir;m
1;Ammahazion;m
1;Ammar-Selim;m
1;Amor;m
7;Anas;m
1;Andjelo-Momčilo;m
4;André;m
1;Andrés;m
1;Andre;m
1;Andrea;m
11;Andreas;m
1;Andreevič;m
2;Andrej;m
1;Anej;m
1;Angelino;m
2;Angelo;m
2;Angelos;m
1;Anh;m
4;Anis;m
1;Anishan;m
1;Anju;m
1;Anno;m
1;Anouar;m
2;Anselm;m
1;Anthony-Atanasije;m
1;Anto;m
1;Antoine;m
30;Anton;m
1;Antoni-Jan;m
3;Antonio;m
4;Antonios;m
2;Antony;m
1;Apollon;m
1;Aragon;m
1;Aras;m
9;Arda;m
1;Arda-Jiyan;m
1;Ardalan;m
1;Ardi;m
1;Ardian;m
1;Ardit;m
1;Ari;m
5;Arian;m
1;Ariel;m
1;Arif;m
1;Arigon;m
1;Arijan;m
1;Aris;m
1;Aristotelis;m
1;Arkadius;m
1;Arlind;m
1;Armaan;m
1;Armando;m
1;Armin;m
2;Arne;m
2;Arno;m
1;Arnold;m
1;Aro;m
1;Aron;m
2;Arslan;m
1;Art;m
12;Arthur;m
1;Artiom;m
2;Artjom;m
1;Artur;m
1;Arturo;m
1;Arun;m
1;Arwed;m
2;Arwin;m
1;Asante;m
1;Assen;m
1;Assi;m
1;Atabey;m
1;Atakan;m
1;Athanasios;m
1;Atilla;m
1;Atlas;m
5;August;m
3;Augustin;m
1;Aurel;m
1;Aurelius;m
1;Avanes;m
1;Avid;m
1;Axel;m
1;Ayaan;m
1;Ayden;m
12;Ayman;m
1;Aymen;m
7;Ayoub;m
1;Aytan;m
1;Azam;m
1;Özgür;m
7;Béla;m
1;Bahati;m
1;Bakr;m
1;Balthasar;m
1;Barış;m
3;Baran;m
1;Bariş;m
1;Barlas;m
2;Bartholomäus;m
1;Bas;m
1;Basim;m
4;Bastian;m
1;Batu;m
4;Batuhan;m
1;Baxter;m
2;Bela;m
50;Ben;m
1;Ben-Baran;m
1;Benedict;m
24;Benedikt;m
22;Benjamin;m
1;Ben-Lamin;m
1;Ben-Luca;m
4;Bennet;m
5;Bennett;m
1;Bennit;m
2;Benno;m
1;Bent;m
1;Ben-Tiago;m
1;Benyamin;m
1;Bera;m
1;Berat;m
1;Beren;m
1;Berkay;m
1;Berke;m
1;Berken;m
1;Berksan;m
1;Bernardo;m
2;Bernd;m
7;Bernhard;m
1;Besfort;m
1;Biagio;m
1;Biessan-Yannis;m
13;Bilal;m
1;Billal;m
1;Binjamin-Amin;m
1;Birchan;m
1;Björn;m
3;Bleron;m
1;Bo;m
1;Boban;m
1;Bond;m
1;Boris;m
2;Borisovič;m
1;Bosse;m
1;Brandon;m
1;Branko;m
2;Brian;m
1;Brix;m
1;Brooklyn;m
11;Bruno;m
1;Bryan;m
2;Cédric;m
1;Cüneyt;m
1;Caius;m
1;Calisto;m
1;Calvin;m
1;Cameron;m
1;Campbell;m
12;Can;m
1;Can-Carlos;m
2;Can-Luca;m
20;Carl;m
4;Carlo;m
5;Carlos;m
1;Carmine;m
1;Carolus;m
4;Carsten;m
1;Casey;m
1;Casimir;m
12;Caspar;m
2;Casper;m
1;Cassidy;m
5;Cedric;m
3;Cem;m
1;Cemal;m
4;Chahid;m
1;Chahin;m
1;Charaf;m
1;Charbel;m
1;Charles;m
1;Charlie;m
1;Cheikh;m
1;Cheng;m
1;Chengez;m
1;Cherno;m
1;Chihab;m
1;Chi-Kien;m
1;Chizoba;m
1;Chris;m
26;Christian;m
1;Christof;m
1;Christofer;m
15;Christoph;m
9;Christopher;m
1;Chukwugozie;m
1;Cihan;m
1;Claudius;m
1;Claus;m
11;Clemens;m
1;Clinton;m
4;Colin;m
4;Collin;m
2;Conner;m
3;Connor;m
3;Conrad;m
1;Constans;m
14;Constantin;m
2;Cornelius;m
1;Cosimo;m
1;Crispin;m
1;Cristiano;m
1;Cuong;m
1;Daştan;m
1;Daly;m
4;Damian;m
1;Damian-Maximilian;m
1;Damien;m
1;Damon;m
26;Daniel;m
1;Daniele;m
1;Daniel-Thomas;m
1;Daniil;m
1;Danijel;m
3;Danny;m
2;Dante;m
1;Danylo;m
1;Darian;m
1;Darin;m
1;Dario;m
2;Darius;m
1;Dariusz;m
1;Darko;m
60;David;m
1;David-Alexander;m
2;Davide;m
1;Davud;m
1;Dawid;m
1;Dawid-Karim;m
4;Dean;m
1;Dejan;m
1;Demirali-Elias;m
1;Deniel;m
6;Denis;m
4;Deniz;m
1;Deniz-Can;m
10;Dennis;m
1;Dennit;m
1;Denysovič;m
1;Deon;m
1;Derek;m
1;Derin;m
2;Derrick;m
1;Detlef;m
1;Dev;m
1;Deven;m
1;Devid;m
2;Devin;m
1;Devin-Joel;m
1;Devran;m
1;Dhergham;m
1;Dhurim;m
1;Diaco;m
7;Diego;m
2;Dieter;m
2;Dietrich;m
2;Dimitrios;m
1;Dimitris;m
1;Dimitrov;m
1;Diogo;m
1;Dion;m
1;Dirk;m
1;Dirket;m
1;Divine;m
2;Diyar;m
1;Djani;m
1;Djan-Luca;m
1;Djuian;m
1;D'lai;m
1;Dmitri;m
2;Dmitrievič;m
1;Doğukan;m
2;Domenic;m
2;Domenik;m
3;Dominic;m
12;Dominik;m
1;Donatos;m
1;Donatus;m
3;Dorian;m
1;Dragan;m
1;Dubem;m
1;Duc;m
1;Duc-Hoang;m
2;Duncan;m
3;Dustin;m
1;Duy;m
1;Dwayne;m
1;Dylan;m
1;Dzesin;m
1;Eberhard;m
1;Ebubechukwu;m
1;Eddie;m
2;Edgar;m
2;Edin;m
1;Edis;m
1;Eduard;m
1;Eduardo;m
1;Edvin;m
7;Efe;m
1;Efe-Resul;m
1;Egbert;m
5;Ege;m
1;Ehme;m
1;Eid;m
2;Eike;m
1;Eita;m
1;Ejiofor;m
1;Ekrem-Murat;m
2;El;m
1;Eldin;m
1;Eleftherios;m
1;Eleutherios;m
1;Eli;m
2;Eliah;m
1;Elian;m
40;Elias;m
1;Elija;m
1;Elijah;m
1;Eloy;m
1;Elvedin;m
1;Elvin;m
1;Elvis;m
1;Elwin;m
1;Emánuel;m
5;Emanuel;m
1;Emanuele;m
19;Emil;m
2;Emilian;m
2;Emilio;m
1;Emilio-Cinziano;m
4;Emin;m
1;Emir-İliyas;m
2;Emirhan;m
4;Emmanuel;m
3;Emre;m
1;Emrecan;m
1;Emren;m
1;Emrullah;m
1;Eneas;m
4;Enes;m
1;Enio;m
3;Enis;m
2;Enno;m
1;Enomase;m
3;Enrico;m
1;Enrique;m
2;Ensar;m
1;Enzo;m
1;Ephraihm;m
1;Ephraim;m
1;Erasmus;m
1;Eray;m
1;Erdi;m
4;Eren;m
1;Eren-Can;m
1;Eren-Talha;m
1;Ergün;m
8;Eric;m
2;Erich;m
18;Erik;m
1;Erion;m
1;Erjon;m
1;Ernesto;m
2;Ernst;m
1;Ernst-Otto;m
1;Ersin;m
1;Esad;m
1;Esat;m
1;Esteban;m
1;Esthen;m
2;Ethan;m
2;Etienne;m
1;Eun-Bin;m
1;Evangelos;m
1;Ewald;m
1;Ewen;m
1;Eyad;m
1;Eymen;m
1;Ezana;m
1;Ezra;m
1;Félix;m
24;Fabian;m
1;Fabiano;m
1;Fabien;m
7;Fabio;m
1;Fabrizio;m
1;Fadi;m
1;Fahri;m
1;Faik;m
1;Faki;m
1;Falak;m
1;Falk;m
3;Faris;m
1;Fazli;m
2;Federico;m
1;Felice;m
1;Feliks;m
3;Felipe;m
47;Felix;m
1;Feras;m
14;Ferdinand;m
1;Fernando;m
3;Filip;m
1;Filippo;m
1;Finlay;m
2;Finley;m
24;Finn;m
1;Finnegan;m
1;Finn-Lukas;m
1;Fips;m
1;Flemming;m
1;Florent;m
1;Florentin;m
24;Florian;m
1;Florim;m
1;Florin;m
1;Floyd;m
1;Fotis;m
1;Frédéric;m
1;François;m
1;Francesco;m
2;Francis;m
1;Francisco;m
1;Franciscus;m
1;Franck;m
1;Franjo;m
8;Frank;m
1;Fransisco;m
11;Franz;m
2;Franziskus;m
1;Freddy;m
3;Frederic;m
4;Frederick;m
12;Frederik;m
1;Frerik;m
1;Fridolin;m
1;Friedemann;m
1;Friederich;m
1;Friedhelm;m
19;Friedrich;m
1;Friesemann;m
5;Fritz;m
1;Fryderyk;m
16;Fynn;m
1;Gökdeniz;m
1;Götz;m
5;Günter;m
1;Günther;m
22;Gabriel;m
1;Gavin;m
4;geborener;m
1;Gehad;m
1;Gene;m
8;Georg;m
1;George;m
1;Georgiev;m
4;Georgios;m
1;Gerard;m
2;Gerd;m
1;Gereon;m
3;Gerhard;m
1;Gernot;m
2;Gert;m
1;Ghislain;m
2;Gianluca;m
1;Gian-Luca;m
1;Gian-Lucca;m
1;Gianni;m
1;Gianni-Luigi;m
1;Ginjiro;m
1;Gino-Luigi;m
1;Gioia;m
1;Giorgios;m
1;Giovanni;m
1;Giulian;m
3;Giuliano;m
1;Giulien;m
3;Giuseppe;m
1;Gjon;m
1;Glenn;m
1;Gonzales;m
1;Goran;m
1;Gordon;m
1;Gottfried;m
1;Grégory;m
3;Gregor;m
1;Grygoriyevič;m
1;Guliano;m
1;Gunter;m
1;Gurjot;m
1;Gurvir;m
6;Gustav;m
1;Gustavo-Bone;m
1;Gyu;m
1;Hüseyin;m
1;Hüssien;m
1;Habib;m
1;Hacer;m
1;Haddon;m
1;Hagen;m
1;Hakan;m
1;Hakan-Ali;m
1;Haki;m
1;Hakki;m
2;Hakon;m
1;Haktan;m
1;Halil-Ibrahim;m
1;Halit;m
1;Hamdy;m
1;Hamed;m
1;Hamid;m
3;Hamza;m
1;Han;m
1;Hannah;m
5;Hannes;m
2;Hanno;m
1;Hanry;m
8;Hans;m
1;Hans-Günther;m
1;Hans-Uwe;m
1;Hanul;m
1;Hanwen;m
1;Haradin;m
1;Hardy;m
1;Harry;m
3;Harun;m
1;Haruto;m
4;Hasan;m
3;Hassan;m
1;Hauke;m
1;Hayate;m
1;Haydar;m
1;Haytam;m
8;Heinrich;m
1;Heinz;m
5;Helmut;m
1;Hem;m
1;Hendricus;m
6;Hendrik;m
1;Henk;m
1;Henner;m
5;Henning;m
20;Henri;m
11;Henrik;m
19;Henry;m
4;Herbert;m
6;Hermann;m
1;Herrman;m
1;Hiba;m
1;Hicham;m
1;Hieu;m
1;Hiroya;m
1;Hiroyuki;m
1;Hoang;m
1;Hong;m
2;Horst;m
1;Houdaifa;m
1;Houssam;m
2;Hubert;m
2;Hubertus;m
7;Hugo;m
1;Husien;m
1;Hussein;m
1;Iaen;m
6;Ian;m
1;Iannis;m
1;Iason;m
7;Ibrahim;m
1;Ilič;m
9;Ilias;m
1;Ilijas;m
3;Ilja;m
6;Ilyas;m
1;Imad;m
1;Imanol;m
1;Imanuel;m
1;Immo;m
1;Iqbal;m
2;Isa;m
2;Isaac;m
2;Isaak;m
1;Isaque;m
5;Ismail;m
1;Issey;m
1;Ittai;m
1;Ivailo;m
2;Ivan;m
1;Iven;m
1;Jérôme;m
1;Jörg;m
1;Jörn;m
4;Jürgen;m
1;Jack;m
3;Jacob;m
2;Jacques;m
4;Jaden;m
1;Jaden-Andrew;m
1;Jaden-Filipe;m
1;Jadon;m
1;Jai;m
1;Jake;m
33;Jakob;m
1;Jakub;m
4;James;m
6;Jamie;m
49;Jan;m
1;Jani;m
2;Janis;m
2;Janne;m
3;Jannes;m
1;Janni;m
2;Jannick;m
3;Jannik;m
9;Jannis;m
1;Jan-Ole;m
1;Janosch;m
1;Jari;m
2;Jaris;m
1;Jarne;m
2;Jaron;m
1;Jarrell;m
1;Jasin;m
13;Jason;m
1;Jason-Alexander;m
1;Jason-Pascal;m
1;Jason-Ray;m
9;Jasper;m
1;Jassem;m
1;Jassin;m
1;Jassir;m
1;Jayden-Finn;m
1;Jay-Jay;m
1;Jazon;m
3;Jean;m
1;Jean-Luca;m
1;Jean-Michel;m
1;Jean-Pierre;m
1;Jean-Yves;m
1;Jeffrey;m
5;Jens;m
1;Jeremiah;m
1;Jeremias;m
1;Jeremiel;m
3;Jeremy;m
1;Jermain;m
3;Jermaine;m
2;Jerome;m
1;Jerom-Netsamuel;m
2;Jerry;m
1;Jerusha;m
4;Jesper;m
2;Jesse;m
1;Jiahe;m
1;Jian;m
1;Jibril;m
1;Jim;m
1;Jimmy;m
1;Jiyan;m
1;Joël-Szymon;m
6;Joachim;m
2;Joaquin;m
1;Joar;m
1;Joca;m
1;Jochen;m
1;Joe;m
28;Joel;m
1;Joel-Luca;m
1;Joel-Niklas;m
1;Joey;m
8;Johan;m
16;Johann;m
29;Johannes;m
5;John;m
2;Jon;m
6;Jona;m
12;Jonah;m
41;Jonas;m
29;Jonathan;m
1;Jonis;m
1;Jonte;m
1;Joona;m
1;Joonas;m
1;Joost;m
1;Jordan;m
1;Jordi;m
1;Jorge;m
1;Joris;m
1;Joschka;m
1;Joschua;m
10;Josef;m
5;Joseph;m
16;Joshua;m
2;Josip;m
4;Jost;m
1;Josua;m
1;Josué;m
1;Jounes;m
1;Jouness;m
2;Jovan;m
1;Juan;m
1;Juan-Pablo;m
1;Jul;m
3;Jules;m
51;Julian;m
1;Julian-Maxim;m
1;Julianus;m
6;Julien;m
42;Julius;m
1;Junior;m
18;Justin;m
1;Justinian;m
16;Justus;m
1;Juul;m
1;Ju-Won;m
5;Kaan;m
1;Kabil;m
3;Kacper;m
3;Kadir;m
8;Kai;m
1;Kaito;m
1;Kalender;m
3;Kalle;m
1;Kamadjou;m
1;Kamil;m
1;Kamui;m
1;Kanan;m
1;Kania;m
1;Kansu;m
5;Karim;m
16;Karl;m
1;Karl-Heinz;m
1;Karlsson;m
1;Karol;m
1;Karsten;m
4;Kaspar;m
1;Kasper;m
1;Kassander;m
1;Kassim;m
1;Kaya;m
1;Kayra;m
2;Keanu;m
1;Keanu-Marvin;m
4;Kenan;m
1;Kendrick;m
1;Kenichi;m
1;Kenji;m
2;Keno;m
1;Kentaro;m
2;Kenzo;m
6;Kerem;m
2;Kerim;m
1;Kerron;m
1;Kerry;m
10;Kevin;m
1;Khaled;m
1;Khalid;m
1;Khweldi;m
7;Kian;m
1;Kian-Thomas;m
2;Kien;m
2;Kieran;m
7;Kilian;m
1;Kilian-Kay;m
1;Kimo;m
1;Kipchumba;m
1;Kirill;m
1;Ki-Sung;m
1;Kiyan;m
2;Kjell;m
2;Klaus;m
1;Kleovoulos;m
4;Knabe;m
1;Knut;m
1;Koichiro;m
1;Kolja;m
11;Konrad;m
19;Konstantin;m
4;Konstantinos;m
1;Koranteng;m
2;Korbinian;m
1;Kornelius;m
1;Kosmas;m
1;Kostyantynovič;m
2;Kosuke;m
1;Kristóf;m
3;Kristian;m
1;Kristijan;m
1;Krystian;m
1;Kunibert;m
1;Kuno;m
4;Kurt;m
3;Kwabena;m
1;Kwakye;m
1;Kwesi;m
1;Kylian;m
1;Kyrill;m
1;Kyrillos;m
1;Léon-Patrice;m
1;Lakshman;m
1;Lampros;m
2;Lando;m
6;Lars;m
1;Lars-Levi;m
12;Lasse;m
1;Laurel;m
3;Laurens;m
1;Laurentin;m
7;Laurenz;m
3;Laurin;m
1;Lawson;m
1;Layth;m
1;Lazaros;m
1;León;m
17;Leander;m
4;Leandro;m
1;Leandros;m
1;Ledion;m
1;Ledri;m
1;Leduart;m
1;Lee;m
1;Leejay;m
1;Leevi;m
5;Leif;m
1;Leitheddine;m
1;Lejan;m
2;Lejs;m
1;Leland;m
1;Lemi;m
3;Len;m
1;Lenard;m
3;Lenn;m
11;Lennard;m
7;Lennart;m
1;Lennert;m
1;Lennet;m
1;Lenni;m
1;Lennon;m
11;Lennox;m
4;Lenny;m
23;Leo;m
51;Leon;m
37;Leonard;m
9;Leonardo;m
5;Leonhard;m
1;Leonid;m
3;Leonidas;m
1;Leonis;m
2;Leon-Joel;m
6;Leopold;m
1;Leron;m
1;Lesley;m
7;Levi;m
9;Levin;m
2;Lewis;m
1;Liêm;m
8;Liam;m
3;Lian;m
1;Lilian;m
1;Lind;m
1;Lino;m
26;Linus;m
1;Lio;m
4;Lion;m
1;Lionel;m
1;Lir;m
1;Liron;m
1;Lodur;m
1;Logan;m
1;Lope;m
1;Loran;m
1;Lorentz;m
3;Lorenz;m
2;Lorenzo;m
1;Lorian;m
1;Lou;m
23;Louis;m
2;Loukman;m
1;Lovis;m
1;Lowis;m
2;Luan;m
41;Luca;m
11;Lucas;m
1;Lucas-Tyler;m
1;Luciano;m
1;Lucien-Finley;m
1;Lucius;m
1;Ludger;m
7;Ludwig;m
1;Lui;m
27;Luis;m
1;Luis-Dean;m
1;Luk;m
11;Luka;m
36;Lukas;m
1;Lukas-Dieter;m
1;Lukas-Jan;m
13;Luke;m
1;Luqman;m
2;Lutz;m
1;Luzius;m
1;Lynus;m
1;Márton;m
2;Maddox;m
1;Mads;m
7;Magnus;m
1;Mahir;m
4;Maik;m
2;Maksim;m
1;Maksimilijan;m
1;Maksymovič;m
1;Mal;m
1;Malek;m
8;Malik;m
6;Malte;m
1;Malvin;m
5;Manfred;m
5;Manuel;m
13;Marc;m
1;Marc-Alexander;m
1;Marceau;m
7;Marcel;m
1;Marcell;m
1;Marcello-Loreto;m
2;Marcin;m
6;Marco;m
2;Marcus;m
12;Maria;m
1;Marian;m
5;Mario;m
4;Marius;m
6;Mark;m
2;Marko;m
6;Markus;m
1;Marley;m
12;Marlon;m
1;Marouan;m
2;Marten;m
19;Martin;m
11;Marvin;m
1;Matej;m
4;Mateo;m
1;Mateusz;m
1;Mathias;m
1;Mathieu;m
6;Mathis;m
1;Matija;m
6;Mats;m
1;Mattéo;m
6;Matteo;m
1;Matthew;m
9;Matthias;m
1;Matthieu;m
2;Matthis;m
3;Matti;m
1;Mattias;m
5;Mattis;m
1;Matvey;m
1;Matz;m
14;Maurice;m
1;Maurits;m
37;Max;m
1;Max-Georg;m
21;Maxim;m
1;Maxime;m
116;Maximilian;m
1;Maximilian-Roman;m
1;Maximo;m
1;Maxymilian;m
1;Maylo;m
1;Medi;m
1;Medin;m
1;Mehdi;m
1;Mehmed-Fuad;m
3;Mehmet;m
1;Melchior;m
1;Melih;m
2;Melvin;m
1;Merim;m
5;Merlin;m
8;Mert;m
1;Mertali-Hidir;m
1;Mertcoskun;m
1;Mesut;m
1;Mewaip;m
2;Micha;m
3;Michał;m
25;Michael;m
1;Michail;m
4;Michel;m
2;Michele;m
7;Miguel;m
16;Mika;m
5;Mikail;m
1;Mika-Joel;m
4;Mike;m
1;Mike-Marco;m
1;Miklós;m
3;Miko;m
6;Milan;m
1;Milano;m
1;Milas-Tuğra;m
1;Miles;m
1;Milian;m
5;Milo;m
1;Miloud;m
1;Min;m
1;Minh;m
1;Miracle;m
2;Miran;m
1;Mirko;m
1;Miro;m
1;Miron;m
1;Mitja;m
1;Mo;m
1;Moez;m
3;Mohamad;m
18;Mohamed;m
1;Mohamed-Yassine;m
1;Mohammad;m
12;Mohammed;m
1;Mojo;m
1;Mokhtar;m
36;Moritz;m
1;Moritz-Franz;m
1;Mosaab;m
1;Mouaad;m
1;Moulay;m
2;Mounir;m
1;Moussa;m
1;Muamer;m
1;Muchamed;m
2;Muhamed;m
1;Muhammad;m
1;Muhammadou;m
7;Muhammed;m
1;Muhammed-Emin;m
1;Muhammet;m
1;Muhanad;m
1;Muharem;m
1;Muhsin;m
1;Munif;m
1;Munzur;m
1;Murad;m
1;Muradif;m
1;Murat;m
4;Musa;m
1;Mussa;m
6;Mustafa;m
1;Mustafacan;m
1;Muwaffag;m
1;Mwana-Longo;m
1;Myron;m
2;Nabil;m
1;Nadir;m
1;Nado;m
1;Nail;m
1;Naim;m
1;Nana;m
3;Nando;m
1;Nao;m
1;Naoto;m
1;Narinder;m
2;Nassim;m
1;Natale;m
2;Nathan;m
1;Nathanael;m
2;Nathaniel;m
1;Navid;m
1;Neal;m
1;Necdet;m
1;Ned;m
1;Nehat;m
1;Neil;m
1;Nelson;m
1;Nenad;m
4;Neo;m
1;Nesar;m
1;Nestor;m
1;Nezar;m
1;Nhat;m
1;Nic;m
1;Nicanor;m
11;Nick;m
7;Niclas;m
14;Nico;m
1;Nicol;m
1;Nicola;m
1;Nicolás;m
1;Nicolai;m
13;Nicolas;m
1;Niels;m
1;Niilo;m
1;Nik;m
2;Nikan;m
1;Niki;m
1;Nikias;m
7;Nikita;m
1;Nikita-Daniel;m
28;Niklas;m
1;Niklas-Joshua;m
4;Niko;m
2;Nikola;m
1;Nikolaj;m
4;Nikolaos;m
4;Nikolas;m
2;Nikolaus;m
1;Nikos;m
17;Nils;m
1;Nils-Jonathan;m
1;Ninh;m
1;Nino-Alexander;m
1;Nitylan;m
1;Niven-Noah;m
1;Niwes;m
37;Noah;m
1;Noah-Manuel;m
1;Noah-Maximilian;m
1;Noam;m
8;Noel;m
1;Noel-Adrian;m
1;Noel-Justin;m
4;Norbert;m
4;Nour;m
1;Novak;m
2;Noyan;m
1;Nur;m
1;Nuri;m
1;Nwadike;m
1;Ode;m
1;Odin;m
1;Ofosuhene;m
1;Ogen;m
1;Olaf;m
1;Olamide;m
1;Ola-Rotimi;m
1;Olcay;m
19;Ole;m
1;Ole-Yaron;m
23;Oliver;m
1;Ollie;m
1;Oluwatobi;m
3;Omar;m
1;Omer;m
1;Omid;m
1;Omut;m
1;Onofrio;m
1;Orlando;m
1;Osaigbovo;m
1;Osasenaga;m
3;Oscar;m
1;Osewhe;m
19;Oskar;m
1;Osman;m
1;Osuke;m
2;Otis;m
6;Otto;m
2;Oualid;m
3;Ouassim;m
1;Owen;m
1;Ozan;m
1;Ozan-Mahmut;m
1;Pablo;m
1;Panagiotis;m
1;Paolo;m
8;Pascal;m
5;Patrick;m
1;Patryk;m
66;Paul;m
1;Paul-Hermann;m
1;Paulino;m
1;Pavlos;m
1;Paweł;m
1;Peer;m
1;Pepe;m
1;Per;m
24;Peter;m
2;Petrit;m
1;Petros;m
1;Pharell;m
1;Phattharaphon;m
1;Phelan;m
4;Phil;m
13;Philip;m
1;Philipas;m
42;Philipp;m
2;Philippe;m
1;Philipp-Fabian;m
1;Philipp-Joel;m
1;Philipp-Julian;m
5;Phillip;m
7;Pierre;m
5;Piet;m
1;Pileas;m
1;Pit;m
1;Pius;m
1;Poldi;m
1;Polichronis;m
1;Praise;m
1;Primus;m
1;Prodromos;m
1;Qasim;m
1;Qixuan;m
7;Quentin;m
1;Quinn;m
1;Quirin;m
1;Rüzgar;m
1;Radomir;m
1;Radu;m
1;Raewyn;m
1;Rafael-Rafi;m
1;Raffael;m
1;Ragnar;m
1;Rainer;m
2;Ralf;m
1;Ramadan;m
2;Rami;m
1;Ramon;m
1;Ramzy;m
1;Randy;m
1;Raoul;m
1;Raphaël;m
8;Raphael;m
2;Rasmus;m
1;Raul;m
4;Rayan;m
1;Rayane;m
1;Rayen;m
1;Rayyan;m
1;Ređzep;m
1;Reda;m
1;Reduan;m
1;Reiner;m
1;Reinhard;m
1;Rejan;m
5;René;m
1;Rene;m
1;Reshat;m
2;Ricardo;m
1;Riccardo;m
11;Richard;m
1;Ricky;m
1;Rida;m
1;Rihito;m
1;Rik;m
1;Rilon;m
2;Rinor;m
1;Rio;m
1;Rion;m
2;Riyad;m
1;Rob;m
11;Robert;m
1;Roberto;m
13;Robin;m
1;Rocco;m
1;Rocky;m
1;Roderich;m
2;Roger;m
1;Roj;m
1;Rokko;m
1;Roland;m
5;Rolf;m
8;Roman;m
1;Romanovič;m
5;Romeo;m
1;Roni;m
1;Rubén;m
4;Ruben;m
3;Rudolf;m
1;Ruoyu;m
1;Rusit;m
1;Ruthro;m
3;Ryan;m
1;Søren;m
3;Sören;m
1;Süleyman;m
1;Saad;m
1;Sabry;m
1;Sabur;m
1;Sadik;m
1;Sahin;m
1;Saif;m
1;Salaheddine;m
4;Salih;m
5;Sam;m
1;Saman;m
1;Samba;m
2;Samed;m
1;Samer;m
1;Samet;m
9;Sami;m
1;Samil;m
4;Samir;m
1;Sammy-Adam;m
1;Samson;m
26;Samuel;m
1;Samy;m
1;Samy-Jo;m
1;Sana;m
2;Sander;m
1;Sandro;m
1;Saner;m
1;Sanq;m
1;Santino;m
1;Santo-Benito;m
1;Sascha;m
1;Sawyer;m
1;Schahzad;m
1;Schoaib;m
2;Sean;m
12;Sebastian;m
1;Sebayitin;m
1;Sefer;m
1;Selim;m
1;Selman;m
1;Selmir;m
1;Selmon;m
4;Semih;m
1;Semih-Robert;m
1;Semijel;m
1;Semino;m
1;Seoul;m
1;Sepehr;m
1;Serafedin;m
1;Sergej;m
1;Sergio;m
2;Serhat;m
1;Seth;m
1;Setor;m
1;Seung;m
1;Seyed;m
1;Shacin;m
1;Shady;m
1;Shaheer;m
1;Shamil;m
1;Shan;m
1;Shane;m
1;Shayan;m
1;Shervin;m
1;Shezada;m
1;Shivan;m
1;Shouta;m
1;Shun;m
1;Shuto;m
1;Sibran;m
1;Sidney;m
1;Siegfried;m
1;Sierk;m
1;Sihao;m
8;Silas;m
1;Simón;m
1;Simeon;m
21;Simon;m
1;Simone-Paolo;m
2;Sinan;m
1;Sky;m
1;Sofian;m
1;Sota;m
1;Sotirios;m
3;Soufian;m
2;Souhaib;m
1;Souliman;m
1;Srivibhutarenyarithvik;m
1;Stanislaw;m
1;Stanton;m
9;Stefan;m
1;Stefan-Florian;m
1;Stefano;m
2;Steffen;m
1;Stellio;m
4;Stephan;m
1;Stephane;m
2;Stephen;m
1;Stevan;m
1;Suguru;m
1;Sukhdip;m
1;Sunny-California;m
1;Surena;m
3;Sven;m
1;Syun;m
1;Szymon;m
1;Tadas;m
1;Tadeus-Manfred;m
3;Taha;m
1;Tahir;m
1;Tahiri-Hamza;m
1;Taiowa;m
1;Taiyo;m
1;Takuma;m
1;Takumi;m
1;Talha;m
1;Tamer;m
1;Tamim;m
2;Tamino;m
1;Tan;m
1;Tao;m
1;Tarık-Ali;m
2;Tarek;m
1;Tarkan;m
1;Taro;m
1;Tat;m
1;Tate;m
1;Taylan;m
1;Tayler;m
1;Tayler-Lucien;m
1;Taylor-Jules;m
1;Tayssir;m
3;Teo;m
1;Teodor;m
1;Tevin;m
1;Thal;m
1;Thana;m
1;Thembissa;m
5;Theo;m
10;Theodor;m
1;Theodoros;m
1;Theo-Ferdinand;m
1;Thibault;m
1;Thiemo;m
1;Thies;m
3;Thilo;m
12;Thomas;m
1;Thorben;m
1;Thore;m
1;Thylo;m
1;Tiago;m
1;Tiberius;m
3;Til;m
9;Till;m
2;Tilman;m
1;Tilo;m
30;Tim;m
10;Timo;m
2;Timon;m
1;Timo-Suphanat;m
1;Timur;m
1;Tin;m
1;Tin-Lok;m
6;Titus;m
1;Tiyam;m
3;Tjark;m
1;Tjark-Jonah;m
1;Tjorben;m
14;Tobias;m
1;Toivo;m
1;Tokiro;m
19;Tom;m
1;Tomás;m
1;Tomasz;m
2;Tommy;m
1;Tongyan;m
1;Toni;m
3;Torben;m
1;Torsten;m
4;Tot;m
1;Travis;m
3;Tristan;m
1;Trutz;m
1;Tschi-Seoung;m
1;Tsukumo;m
1;Tulio;m
1;Tunahan;m
1;Turan-Han;m
4;Tyler;m
1;Tyr;m
1;Tyrese;m
1;Tyron;m
1;Udo;m
2;Umer;m
2;Umut;m
1;Ur;m
1;Uriel;m
17;Valentin;m
1;Valerian;m
2;Van;m
1;Vanshdeep;m
1;Varinder;m
1;Vasco;m
1;Vasilios;m
1;Vegas;m
1;Vendim;m
1;Veysel;m
1;Vico;m
4;Victor;m
1;Viggo;m
10;Viktor;m
1;Ville;m
18;Vincent;m
1;Vincenz;m
1;Vinzent;m
1;Vitalijevic;m
1;Vito;m
1;Vittorio;m
2;Vitus;m
1;Vivian;m
1;Vladimirovich;m
1;Vladislav;m
1;Volkan;m
1;Wadih;m
1;Wail;m
1;Waldemar;m
3;Walid;m
4;Walter;m
1;Wassily;m
1;Wazim;m
1;Wendt;m
2;Werner;m
1;Wilderich;m
11;Wilhelm;m
3;Willem;m
1;Willy;m
1;Wilm;m
1;Wittilo;m
1;Wladimir;m
1;Wolf;m
2;Wolfgang;m
1;Woo;m
1;Wyatt;m
1;Xavier;m
1;Xawery;m
1;Xhihan;m
1;Xiang;m
1;Xiao;m
1;Xoaquín;m
1;Xurxo;m
1;Yılmaz;m
2;Yahya;m
1;Yan;m
6;Yannick;m
1;Yannik;m
1;Yannis;m
1;Yaro;m
1;Yaser;m
7;Yasin;m
1;Yasm;m
1;Yasser;m
6;Yassin;m
1;Yassine;m
1;Yassin-Leon;m
1;Yavuz;m
1;Yazid;m
1;Yerima;m
1;Yevgenievič;m
1;Yi-Ru;m
1;Yoshiaki;m
1;Yosri;m
1;Younés;m
8;Younes;m
1;Yousif;m
4;Youssef;m
1;Yuki;m
1;Yul;m
1;Yuma;m
1;Yunus;m
1;Yuri;m
1;Yurjevič;m
4;Yusuf;m
1;Yuuta;m
1;Zacharias;m
2;Zakaria;m
1;Zdravko;m
1;Zeid;m
1;Zeljko;m
1;Zhi;m
1;Zijad;m
1;Zivorad;m
1;;m
